Workbook

Sheet Entries
A1: Drinking diary
A2: One row per drink, with the date on every row. On a day without alcohol, add one row with amount 0 so the day counts as sober.
A3: The sheet works out the grams for you: amount × % ABV ÷ 100 × 0.8. Template by relimie.com
A4: Date | B4: Drink | C4: Amount (ml) | D4: % ABV | E4: Grams of alcohol
E5: =IF(C5="","",IF(C5=0,0,IF(D5="","",ROUND(C5*D5/100*0.8,1))))
E6: =IF(C6="","",IF(C6=0,0,IF(D6="","",ROUND(C6*D6/100*0.8,1))))
E7: =IF(C7="","",IF(C7=0,0,IF(D7="","",ROUND(C7*D7/100*0.8,1))))
E8: =IF(C8="","",IF(C8=0,0,IF(D8="","",ROUND(C8*D8/100*0.8,1))))
E9: =IF(C9="","",IF(C9=0,0,IF(D9="","",ROUND(C9*D9/100*0.8,1))))
E10: =IF(C10="","",IF(C10=0,0,IF(D10="","",ROUND(C10*D10/100*0.8,1))))
E11: =IF(C11="","",IF(C11=0,0,IF(D11="","",ROUND(C11*D11/100*0.8,1))))
E12: =IF(C12="","",IF(C12=0,0,IF(D12="","",ROUND(C12*D12/100*0.8,1))))
E13: =IF(C13="","",IF(C13=0,0,IF(D13="","",ROUND(C13*D13/100*0.8,1))))
E14: =IF(C14="","",IF(C14=0,0,IF(D14="","",ROUND(C14*D14/100*0.8,1))))
E15: =IF(C15="","",IF(C15=0,0,IF(D15="","",ROUND(C15*D15/100*0.8,1))))
E16: =IF(C16="","",IF(C16=0,0,IF(D16="","",ROUND(C16*D16/100*0.8,1))))
... E404: =IF(C404="","",IF(C404=0,0,IF(D404="","",ROUND(C404*D404/100*0.8,1))))

Sheet Days
A1: Drinking diary · Days
A2: Filled in automatically, starting on the Monday of the week of your first entry.
A4: Date | B4: Grams of alcohol | C4: Status
A5: =IF(COUNT('Entries'!$A$5:$A$404)=0,"",MIN('Entries'!$A$5:$A$404)-WEEKDAY(MIN('Entries'!$A$5:$A$404),2)+1) | B5: =IF(A5="","",SUMIFS('Entries'!$E$5:$E$404,'Entries'!$A$5:$A$404,A5)) | C5: =IF(A5="","",IF(COUNTIFS('Entries'!$A$5:$A$404,A5)=0,"not logged",IF(B5=0,"sober","drank")))
A6: =IF(A5="","",A5+1) | B6: =IF(A6="","",SUMIFS('Entries'!$E$5:$E$404,'Entries'!$A$5:$A$404,A6)) | C6: =IF(A6="","",IF(COUNTIFS('Entries'!$A$5:$A$404,A6)=0,"not logged",IF(B6=0,"sober","drank")))
A7: =IF(A6="","",A6+1) | B7: =IF(A7="","",SUMIFS('Entries'!$E$5:$E$404,'Entries'!$A$5:$A$404,A7)) | C7: =IF(A7="","",IF(COUNTIFS('Entries'!$A$5:$A$404,A7)=0,"not logged",IF(B7=0,"sober","drank")))
A8: =IF(A7="","",A7+1) | B8: =IF(A8="","",SUMIFS('Entries'!$E$5:$E$404,'Entries'!$A$5:$A$404,A8)) | C8: =IF(A8="","",IF(COUNTIFS('Entries'!$A$5:$A$404,A8)=0,"not logged",IF(B8=0,"sober","drank")))
A9: =IF(A8="","",A8+1) | B9: =IF(A9="","",SUMIFS('Entries'!$E$5:$E$404,'Entries'!$A$5:$A$404,A9)) | C9: =IF(A9="","",IF(COUNTIFS('Entries'!$A$5:$A$404,A9)=0,"not logged",IF(B9=0,"sober","drank")))
A10: =IF(A9="","",A9+1) | B10: =IF(A10="","",SUMIFS('Entries'!$E$5:$E$404,'Entries'!$A$5:$A$404,A10)) | C10: =IF(A10="","",IF(COUNTIFS('Entries'!$A$5:$A$404,A10)=0,"not logged",IF(B10=0,"sober","drank")))
A11: =IF(A10="","",A10+1) | B11: =IF(A11="","",SUMIFS('Entries'!$E$5:$E$404,'Entries'!$A$5:$A$404,A11)) | C11: =IF(A11="","",IF(COUNTIFS('Entries'!$A$5:$A$404,A11)=0,"not logged",IF(B11=0,"sober","drank")))
A12: =IF(A11="","",A11+1) | B12: =IF(A12="","",SUMIFS('Entries'!$E$5:$E$404,'Entries'!$A$5:$A$404,A12)) | C12: =IF(A12="","",IF(COUNTIFS('Entries'!$A$5:$A$404,A12)=0,"not logged",IF(B12=0,"sober","drank")))
A13: =IF(A12="","",A12+1) | B13: =IF(A13="","",SUMIFS('Entries'!$E$5:$E$404,'Entries'!$A$5:$A$404,A13)) | C13: =IF(A13="","",IF(COUNTIFS('Entries'!$A$5:$A$404,A13)=0,"not logged",IF(B13=0,"sober","drank")))
A14: =IF(A13="","",A13+1) | B14: =IF(A14="","",SUMIFS('Entries'!$E$5:$E$404,'Entries'!$A$5:$A$404,A14)) | C14: =IF(A14="","",IF(COUNTIFS('Entries'!$A$5:$A$404,A14)=0,"not logged",IF(B14=0,"sober","drank")))
A15: =IF(A14="","",A14+1) | B15: =IF(A15="","",SUMIFS('Entries'!$E$5:$E$404,'Entries'!$A$5:$A$404,A15)) | C15: =IF(A15="","",IF(COUNTIFS('Entries'!$A$5:$A$404,A15)=0,"not logged",IF(B15=0,"sober","drank")))
A16: =IF(A15="","",A15+1) | B16: =IF(A16="","",SUMIFS('Entries'!$E$5:$E$404,'Entries'!$A$5:$A$404,A16)) | C16: =IF(A16="","",IF(COUNTIFS('Entries'!$A$5:$A$404,A16)=0,"not logged",IF(B16=0,"sober","drank")))
A17: =IF(A16="","",A16+1) | B17: =IF(A17="","",SUMIFS('Entries'!$E$5:$E$404,'Entries'!$A$5:$A$404,A17)) | C17: =IF(A17="","",IF(COUNTIFS('Entries'!$A$5:$A$404,A17)=0,"not logged",IF(B17=0,"sober","drank")))
... A95: =IF(A94="","",A94+1) | B95: =IF(A95="","",SUMIFS('Entries'!$E$5:$E$404,'Entries'!$A$5:$A$404,A95)) | C95: =IF(A95="","",IF(COUNTIFS('Entries'!$A$5:$A$404,A95)=0,"not logged",IF(B95=0,"sober","drank")))

Sheet Summary
A1: Drinking diary · Summary
A2: Only the yellow cell is for you to fill in; the sheet calculates everything else.
A3: Your baseline in grams per day (optional):
A5: Week from | B5: Grams this week | C5: Grams per day | D5: Sober days | E5: Days not logged | F5: Baseline
A6: ='Days'!A5 | B6: =IF(OR(A6="",COUNTIF('Days'!C5:C11,"not logged")=7),"",SUM('Days'!B5:B11)) | C6: =IF(OR(A6="",COUNTIF('Days'!C5:C11,"not logged")=7),"",B6/7) | D6: =IF(OR(A6="",COUNTIF('Days'!C5:C11,"not logged")=7),"",COUNTIF('Days'!C5:C11,"sober")) | E6: =IF(OR(A6="",COUNTIF('Days'!C5:C11,"not logged")=7),"",COUNTIF('Days'!C5:C11,"not logged")) | F6: =IF(OR(OR(A6="",COUNTIF('Days'!C5:C11,"not logged")=7),$D$3=""),"",IF(C6>$D$3,"above","within"))
A7: ='Days'!A12 | B7: =IF(OR(A7="",COUNTIF('Days'!C12:C18,"not logged")=7),"",SUM('Days'!B12:B18)) | C7: =IF(OR(A7="",COUNTIF('Days'!C12:C18,"not logged")=7),"",B7/7) | D7: =IF(OR(A7="",COUNTIF('Days'!C12:C18,"not logged")=7),"",COUNTIF('Days'!C12:C18,"sober")) | E7: =IF(OR(A7="",COUNTIF('Days'!C12:C18,"not logged")=7),"",COUNTIF('Days'!C12:C18,"not logged")) | F7: =IF(OR(OR(A7="",COUNTIF('Days'!C12:C18,"not logged")=7),$D$3=""),"",IF(C7>$D$3,"above","within"))
A8: ='Days'!A19 | B8: =IF(OR(A8="",COUNTIF('Days'!C19:C25,"not logged")=7),"",SUM('Days'!B19:B25)) | C8: =IF(OR(A8="",COUNTIF('Days'!C19:C25,"not logged")=7),"",B8/7) | D8: =IF(OR(A8="",COUNTIF('Days'!C19:C25,"not logged")=7),"",COUNTIF('Days'!C19:C25,"sober")) | E8: =IF(OR(A8="",COUNTIF('Days'!C19:C25,"not logged")=7),"",COUNTIF('Days'!C19:C25,"not logged")) | F8: =IF(OR(OR(A8="",COUNTIF('Days'!C19:C25,"not logged")=7),$D$3=""),"",IF(C8>$D$3,"above","within"))
A9: ='Days'!A26 | B9: =IF(OR(A9="",COUNTIF('Days'!C26:C32,"not logged")=7),"",SUM('Days'!B26:B32)) | C9: =IF(OR(A9="",COUNTIF('Days'!C26:C32,"not logged")=7),"",B9/7) | D9: =IF(OR(A9="",COUNTIF('Days'!C26:C32,"not logged")=7),"",COUNTIF('Days'!C26:C32,"sober")) | E9: =IF(OR(A9="",COUNTIF('Days'!C26:C32,"not logged")=7),"",COUNTIF('Days'!C26:C32,"not logged")) | F9: =IF(OR(OR(A9="",COUNTIF('Days'!C26:C32,"not logged")=7),$D$3=""),"",IF(C9>$D$3,"above","within"))
A10: ='Days'!A33 | B10: =IF(OR(A10="",COUNTIF('Days'!C33:C39,"not logged")=7),"",SUM('Days'!B33:B39)) | C10: =IF(OR(A10="",COUNTIF('Days'!C33:C39,"not logged")=7),"",B10/7) | D10: =IF(OR(A10="",COUNTIF('Days'!C33:C39,"not logged")=7),"",COUNTIF('Days'!C33:C39,"sober")) | E10: =IF(OR(A10="",COUNTIF('Days'!C33:C39,"not logged")=7),"",COUNTIF('Days'!C33:C39,"not logged")) | F10: =IF(OR(OR(A10="",COUNTIF('Days'!C33:C39,"not logged")=7),$D$3=""),"",IF(C10>$D$3,"above","within"))
A11: ='Days'!A40 | B11: =IF(OR(A11="",COUNTIF('Days'!C40:C46,"not logged")=7),"",SUM('Days'!B40:B46)) | C11: =IF(OR(A11="",COUNTIF('Days'!C40:C46,"not logged")=7),"",B11/7) | D11: =IF(OR(A11="",COUNTIF('Days'!C40:C46,"not logged")=7),"",COUNTIF('Days'!C40:C46,"sober")) | E11: =IF(OR(A11="",COUNTIF('Days'!C40:C46,"not logged")=7),"",COUNTIF('Days'!C40:C46,"not logged")) | F11: =IF(OR(OR(A11="",COUNTIF('Days'!C40:C46,"not logged")=7),$D$3=""),"",IF(C11>$D$3,"above","within"))
A12: ='Days'!A47 | B12: =IF(OR(A12="",COUNTIF('Days'!C47:C53,"not logged")=7),"",SUM('Days'!B47:B53)) | C12: =IF(OR(A12="",COUNTIF('Days'!C47:C53,"not logged")=7),"",B12/7) | D12: =IF(OR(A12="",COUNTIF('Days'!C47:C53,"not logged")=7),"",COUNTIF('Days'!C47:C53,"sober")) | E12: =IF(OR(A12="",COUNTIF('Days'!C47:C53,"not logged")=7),"",COUNTIF('Days'!C47:C53,"not logged")) | F12: =IF(OR(OR(A12="",COUNTIF('Days'!C47:C53,"not logged")=7),$D$3=""),"",IF(C12>$D$3,"above","within"))
A13: ='Days'!A54 | B13: =IF(OR(A13="",COUNTIF('Days'!C54:C60,"not logged")=7),"",SUM('Days'!B54:B60)) | C13: =IF(OR(A13="",COUNTIF('Days'!C54:C60,"not logged")=7),"",B13/7) | D13: =IF(OR(A13="",COUNTIF('Days'!C54:C60,"not logged")=7),"",COUNTIF('Days'!C54:C60,"sober")) | E13: =IF(OR(A13="",COUNTIF('Days'!C54:C60,"not logged")=7),"",COUNTIF('Days'!C54:C60,"not logged")) | F13: =IF(OR(OR(A13="",COUNTIF('Days'!C54:C60,"not logged")=7),$D$3=""),"",IF(C13>$D$3,"above","within"))
A14: ='Days'!A61 | B14: =IF(OR(A14="",COUNTIF('Days'!C61:C67,"not logged")=7),"",SUM('Days'!B61:B67)) | C14: =IF(OR(A14="",COUNTIF('Days'!C61:C67,"not logged")=7),"",B14/7) | D14: =IF(OR(A14="",COUNTIF('Days'!C61:C67,"not logged")=7),"",COUNTIF('Days'!C61:C67,"sober")) | E14: =IF(OR(A14="",COUNTIF('Days'!C61:C67,"not logged")=7),"",COUNTIF('Days'!C61:C67,"not logged")) | F14: =IF(OR(OR(A14="",COUNTIF('Days'!C61:C67,"not logged")=7),$D$3=""),"",IF(C14>$D$3,"above","within"))
A15: ='Days'!A68 | B15: =IF(OR(A15="",COUNTIF('Days'!C68:C74,"not logged")=7),"",SUM('Days'!B68:B74)) | C15: =IF(OR(A15="",COUNTIF('Days'!C68:C74,"not logged")=7),"",B15/7) | D15: =IF(OR(A15="",COUNTIF('Days'!C68:C74,"not logged")=7),"",COUNTIF('Days'!C68:C74,"sober")) | E15: =IF(OR(A15="",COUNTIF('Days'!C68:C74,"not logged")=7),"",COUNTIF('Days'!C68:C74,"not logged")) | F15: =IF(OR(OR(A15="",COUNTIF('Days'!C68:C74,"not logged")=7),$D$3=""),"",IF(C15>$D$3,"above","within"))
A16: ='Days'!A75 | B16: =IF(OR(A16="",COUNTIF('Days'!C75:C81,"not logged")=7),"",SUM('Days'!B75:B81)) | C16: =IF(OR(A16="",COUNTIF('Days'!C75:C81,"not logged")=7),"",B16/7) | D16: =IF(OR(A16="",COUNTIF('Days'!C75:C81,"not logged")=7),"",COUNTIF('Days'!C75:C81,"sober")) | E16: =IF(OR(A16="",COUNTIF('Days'!C75:C81,"not logged")=7),"",COUNTIF('Days'!C75:C81,"not logged")) | F16: =IF(OR(OR(A16="",COUNTIF('Days'!C75:C81,"not logged")=7),$D$3=""),"",IF(C16>$D$3,"above","within"))
A17: ='Days'!A82 | B17: =IF(OR(A17="",COUNTIF('Days'!C82:C88,"not logged")=7),"",SUM('Days'!B82:B88)) | C17: =IF(OR(A17="",COUNTIF('Days'!C82:C88,"not logged")=7),"",B17/7) | D17: =IF(OR(A17="",COUNTIF('Days'!C82:C88,"not logged")=7),"",COUNTIF('Days'!C82:C88,"sober")) | E17: =IF(OR(A17="",COUNTIF('Days'!C82:C88,"not logged")=7),"",COUNTIF('Days'!C82:C88,"not logged")) | F17: =IF(OR(OR(A17="",COUNTIF('Days'!C82:C88,"not logged")=7),$D$3=""),"",IF(C17>$D$3,"above","within"))
A18: ='Days'!A89 | B18: =IF(OR(A18="",COUNTIF('Days'!C89:C95,"not logged")=7),"",SUM('Days'!B89:B95)) | C18: =IF(OR(A18="",COUNTIF('Days'!C89:C95,"not logged")=7),"",B18/7) | D18: =IF(OR(A18="",COUNTIF('Days'!C89:C95,"not logged")=7),"",COUNTIF('Days'!C89:C95,"sober")) | E18: =IF(OR(A18="",COUNTIF('Days'!C89:C95,"not logged")=7),"",COUNTIF('Days'!C89:C95,"not logged")) | F18: =IF(OR(OR(A18="",COUNTIF('Days'!C89:C95,"not logged")=7),$D$3=""),"",IF(C18>$D$3,"above","within"))

Sheet Example
A1: Drinking diary · Example
A2: The example week from the article on relimie.com, to try things out. Your own entries go in the "Entries" sheet.
A4: Day | B4: Drink | C4: Amount (ml) | D4: % ABV | E4: Grams of alcohol
A5: Monday | B5: nothing | C5: 0 | D5: 0 | E5: =ROUND(C5*D5/100*0.8,1)
A6: Tuesday | B6: beer | C6: 500 | D6: 5 | E6: =ROUND(C6*D6/100*0.8,1)
A7: Tuesday | B7: beer | C7: 500 | D7: 5 | E7: =ROUND(C7*D7/100*0.8,1)
A8: Wednesday | B8: nothing | C8: 0 | D8: 0 | E8: =ROUND(C8*D8/100*0.8,1)
A9: Thursday | B9: wine | C9: 200 | D9: 12 | E9: =ROUND(C9*D9/100*0.8,1)
A10: Friday | B10: wine | C10: 200 | D10: 12 | E10: =ROUND(C10*D10/100*0.8,1)
A11: Friday | B11: wine | C11: 200 | D11: 12 | E11: =ROUND(C11*D11/100*0.8,1)
A12: Friday | B12: wine | C12: 200 | D12: 12 | E12: =ROUND(C12*D12/100*0.8,1)
A13: Saturday | B13: beer | C13: 330 | D13: 5 | E13: =ROUND(C13*D13/100*0.8,1)
A14: Saturday | B14: spirits | C14: 20 | D14: 40 | E14: =ROUND(C14*D14/100*0.8,1)
A15: Saturday | B15: spirits | C15: 20 | D15: 40 | E15: =ROUND(C15*D15/100*0.8,1)
A16: Sunday | B16: nothing | C16: 0 | D16: 0 | E16: =ROUND(C16*D16/100*0.8,1)
D17: Σ | E17: =SUM(E5:E16)
